{"cameraMode":{"drawMode":0,"name":"Shaded","section":"Shading Mode"},"sceneLighting":false,"audioPlay":false,"sceneViewState":{"m_AlwaysRefresh":false,"showFog":true,"showSkybox":true,"showFlares":true,"showImageEffects":true,"showParticleSystems":true,"showVisualEffectGraphs":true,"m_FxEnabled":true},"in2DMode":false,"pivot":{"x":-35.22876739501953,"y":1.8203964233398438,"z":114.63323974609375},"rotation":{"x":-0.31497058272361758,"y":0.32696807384490969,"z":-0.11616413295269013,"w":-0.8835785984992981},"size":26.37546730041504,"orthographic":false}